tid, template, count
0, 17-x=48/-8, 1
1, x=1+1, 411
2, 60+2*x=12*x+10, 10
3, 42+x/4=52+x/14, 2
4, 7/18*x=7/8*x-770, 2
5, 3/4*x-1/3*x=15, 1
6, 3*x=7+2*x, 18
7, 7*x-5*x=18, 1
8, x+1/x=13/6, 2
9, 60/100*x+x=192, 1
10, x+2=12, 16
11, 0.4/100*x=2.4, 10
12, x*306000=8200, 58
13, 3/5*(x+2)=12, 2
14, 5-3*x=-4, 2
15, 2*x-35=25, 3
16, x=1/0.8, 364
17, 3*x+32=4*x-15, 3
18, 5*(x+9)=39, 12
19, 8+6*x=56, 22
20, 2+2*x=x, 1
21, 4*(x+(x+2))=17+7*(x+4), 1
22, x+(x+1)+(x+2)=-33, 3
23, x+2*(x+1)=20+(x+2), 1
24, x+(x+1)+(x+2)+(x+3)=-54, 2
25, 5*x-16=(x+10)*3, 3
26, 2*x+8=3*(x-4), 2
27, x-1/x=16/15, 1
28, 240/3=x/5, 82
29, x=9*10*10*10*10*10*10*10, 2
30, 4*(x-1)=6*(x+3), 6
31, 16+x=20+2*x, 3
32, x+1/x=6.41, 4
33, x*(1+0.01*x)=24, 3
34, x+7*x=112, 3
35, x=8*9*4, 59
36, x/3+1/x=49/x, 1
37, 1/4*x+1/5*(x+1)=1/7*(x+2)-5, 1
38, x+3=3*x, 2
39, (1+(20-1))*(20-1)/2+x=20*20, 1
40, -5*(x+(x+2))=24+4*(-1*(x+1)), 1
41, x=9*5, 328
42, (1/4)*(1/3)=(1/2)*x, 1
43, x=1+7+7+6+5+4, 3
44, 3*x-4=2+x, 3
45, 2*x-(12-x)=(4*x-5)-2*x, 1
46, x+(x+2)=96, 3
47, -3*(-1*x)-7=1+x, 1
48, x=2004*(1+2004-1), 1
49, 2/3+4*x=5*x-5/6, 1
50, x=5/9*36, 53
51, 5/6*x=3/4, 2
52, 3*x-4*(x+1)+10=0, 1
53, x=9*8+8*8+8*8, 5
54, x=2*(4*3*2*1), 5
55, x*(1/4)=56*16, 1
56, x-1/2=-1/2, 1
57, x=16/24-18/24, 10
58, 8*x-(-54)/9=-18, 1
59, 3*(x+2)=x-10, 1
60, x=9*10*10*10, 28
61, 10*x-19=9-4*x, 2
62, x+(x+1)+x*(x+1)=271, 1
63, 3*(2*x+3)+2*x=145, 1
64, x=5*1*9*9*1*9*1, 1
65, x=(1+2+3+4)*(3*2)*(1000+100+10+1), 1
66, x=2*5050-100*1, 6
67, x=(7+700)*((700-7)/7+1)/2, 2
68, 15/630000=0.50/x, 31
69, 2/3=1/2*4/5*x, 1
70, x=-1*6/2, 51
71, 1/3*x+140=216, 2
72, (x-5)*3=1/9, 1
73, (x-8)*4=x+19, 1
74, (x+5)/2+(x-1)/2=(x-1)/3, 1
75, ((8*x-8)/12)*2=20, 1
76, (4+x)/2=(2+8+x)/3, 1
77, x=6/7*9/13, 23
78, x*x*x*x*x*x=117649, 1
79, x+x=x*x, 1
80, 6*34=13+25+36+41+49+x, 2
81, x=1/x+2+1/10, 1
82, x=21.33*2.04-(1.115+3.18+22.0613+12.2384), 1
83, x=1/2*1/4*1/10*400, 1
84, x=1/10*1/4*1/5*1/2*12000, 1
85, x/2+7+1/2=14, 1
86, x=(86+74+79+62+74)/5, 5
87, 43=5/8*x-11, 1
88, x=(126+1/4)-(78+2/3), 2
89, 1/2*x-1/6*x=1/8*x+10, 1
90, x=6*103+3*102, 18
91, 2/3*x=x+4, 1
92, x+1/x=2+1/6, 1
93, x/5*x=40/100*x-40, 1
94, 1/3*x+30=2*x, 1
95, 2*(x+2)-4=3*(x+4+1), 1
96, x-4=8+x/5, 1
97, x=50+108/9, 5
98, 12/(x+2)=4/(x-2), 6
99, 5/x-1/2=3/(6*x), 1
100, (16+x)/(37+x)=5/8, 1
101, (2*x+3)/(x-2)=1, 1
102, x=8/(1/4), 9
103, x*30*6=38000, 2
104, x=219+2*78, 27
105, 89*(x+3)=75+95+91+90*x, 1
106, x*(1+0.06)=40.28, 22
107, 3*1000*15/100=x*20/10, 1
108, x=0.9/(17*9), 9
109, (x+(x+6)*(5-1))*5/2=100, 1
110, x=8448620*1/2+138476999-40045-142661263, 1
111, x/25=0.32, 2
112, x=(25.75+15.49+9.95)*(1+0.0825), 1
113, x*20+50*50=30*(x+50), 11
114, x*3*1/8=3, 1
115, x=5*20*0.3-20*4*0.25, 1
116, x=40*20*10/(100*40), 1
117, x*(2.25+3/8)=21, 1
118, x*(1-0.2)=88, 7
119, x-9=2*(90-x), 1
120, x=(-4/5)*(-3/8), 18
121, 5x-3=x+25, 2
122, x=5*1000+12*100+11*10+14, 1
123, x=20-(-7), 388
124, x=23*(23-1)/2, 4
125, 1/x=1/3+1/6, 10
126, x=60*2/(60/20+60/30), 1
127, (x+1/2+1/3)=1*3, 1
128, 5x=4, 20
129, x*(1-4/17)*(1-7/13)*(1-2/3)=2000000, 1
130, 3+7*(x-1)=528, 7
131, x/2*(5+2)=252, 1
132, x=1+(5-1)*2, 5
133, x*(1-1/2)*(1-1/2)=16, 2
134, 0.5x9+0.83*10=(x+10)*0.79, 10
135, x=1/6+3/4+2/12+1/2+1/3, 1
136, x*(1-0.1)*(1-0.15)=306, 1
137, x=68*(17-9), 66
138, x=150/(150/50+150/75), 9
139, x*(1-1/6-2/3)=12, 3
140, 200/(x+10)+40/60=200/x, 1
141, 0.04*x+0.035*4*x=850, 4
142, x*(40-(x-120)*0.5)=4200, 1
143, (5000-100x)*(8+0.25x)=42000, 1
144, x/50=18/x, 1
145, 100+25x=150+15x, 9
146, x*1/4+8=11, 2
147, x*0.12*1/2+x*0.11*1/3+x*0.09*(1-1/2-1/3)=1340, 1
148, 6000/(1/4)=3*x+4*x/2, 1
149, x=(45-38)/45, 40
150, x=5*100-80, 7
151, x=(5+3)/12, 55
152, x=(10+30+0+45)/(10/20+30/60+10/60+45/45), 1
153, 0.13*14=x*1/2, 1
154, x-15=(x+15)*1/4, 1
155, x=7*2+7*7*7*(4+7*4), 1
156, x=4/52*(4-1)/(52-1), 1
157, x=(5+4)*2, 47
158, x+x+x-2/3=144, 1
159, x=2*(6.5*15.1+6.5*4.5+15.1*4.5), 7
160, x=200-50.83*2-25.93-53.29, 1
161, x=1463.98+515.73+189.59, 83
162, (10+6+8)/(10/5+6/2+8/x)=4, 1
163, 35x=50*100, 11
164, x=81-25*2, 11
165, 3x=1.5x+24, 19
166, x=20+(x*1/5), 1
167, x*1/5=526, 5
168, 82+96+89+92+x=90*5, 2
169, 15*5=2*3.14*x, 1
170, 250/x+360/(x+10)=11, 2
171, 6*(4x+8)=120, 1
172, x*9.08/(60*60)=100/1760, 1
173, (x+x/2)*2=90, 1
174, 2x=(26.2/2)*4, 2
175, x9=(3+3/8)*3, 1
176, (22+17+x*10)=69, 1
177, x=1-(1/4+2/5+1/10), 1
178, x=(2.4+112+26.2)*4, 6
179, 2*(30+50)/x=50/50*2, 1
180, x=30000/(360000-30000), 5
181, x=1/(1/4+1/6+1/2), 1
182, 4+2=5+x, 1
183, 5*x+(-3)*(40-x)=0, 9
184, x=5/(5+3+4), 5
185, x=(1+14)*14/2, 5
186, x=1-(1+0.25)*(1-0.4), 1
187, x=37.5*9.12+(40-37.5)*9.12*(1+1/3)+3*9.12*(1+3/4), 1
188, x=3+5*(5+3), 1
189, x=(1+0.25)*(1-0.4), 1
190, x=56100*(6/11)/100*3.37, 3
191, 900/(2*(80+100))=2400/(2*(120+x)), 1
192, 10/100*x+10*4=104, 1
193, (x+3)/2=0, 2
194, x=3*5-9+5, 2
195, x=3/(4*2)-4/(5*3), 1
196, x=15/((3-1)*60+30), 1
197, x=7.5*35+7.5*2*4, 2
198, x=7*7*7*7*4+7*7*7*4+7*2, 1
199, 1.5*(1-x)=(1+x), 1
200, x+185+210=200*3, 1
201, x=1/2*(-10)-4, 1
202, x=1/2*54.6*28.4, 8
203, x=1-1/8-0.375-0.4, 1
204, x=2*(24+10*2+19+10*2), 1
205, x=800*0.065*3/12, 16
206, x=2000*(1+0.055*3/12), 1
207, 0.5*x+(3-0.5)*x*1/4=15, 1
208, x=(8/24)*(12/(24-1)), 1
209, x=(35/4)/5, 14
210, x=12*2-12*(1/2+1/4+1/6+1/3+1/4), 1
211, x=1880*0.045*2/12+1880, 1
212, 16x=2*3.14*28, 2
213, x=2*(12/2-1+14/2-1)/(12*14/(2*2)), 1
214, x=8*6+4*6-47, 1
215, x=4*(4-1)*(4-2)*(4-3), 1
216, x=21*(1-2*1/3), 1
217, x/(6*25)=10/2, 2
218, x=(8*12/3)/320, 2
219, 15*1+15x=20x, 7
220, x=16*(1-1/2-1/8), 2
221, (1/36+1/x)=1/20, 5
222, 13x9=52600/1, 3
223, x=-50+60-70+80, 3
224, x=100*24*60*60/1024, 3
225, x*(x-1)=14520, 1
226, (x+4)*8=x*16, 1
227, 6x-(3x+8)=16, 1
228, 1/x+1/(x-5)+1/x=1/3.23, 1
229, 5x=5+4+5+5+4, 1
230, 4*x*5=6*5*8, 2
231, x=6*5*4+5*5*4, 2
232, x*2/3*(1-0.2-1/4-1/8)=68, 1
233, (x+2)*50+70*x=800, 2
234, 160/(x-10)+270/x=5, 4
235, x=(1.5*36*30)/(0.25*3*36), 6
236, 26=6*(5-4*x), 1
237, x/100=(26+21)/(40+36), 1
238, x/3=18/(90/60), 4
239, 2/x+3/x=4/5, 1
240, x*(x-1)/2=105, 1
241, x=60*(1-3/8), 2
242, x=420*(1+(17+1/2)/100), 1
243, x=(192*1+34*2+8*3+8*4)/692, 1
244, (x+1)+(x+2)=17, 1
245, 25x=1000-240, 11
246, 3x+1=4x-2, 3
247, -3+5+2+x=10, 2
248, x=(6*(6-1)/2)*(6*(6-1)/2)*3, 1
249, x=(156.57+192.41+171.85+121.35+289.51+249.78)/6, 2
250, 40x+(44-40)*1.5x=229, 1
251, 2*(100+2x)+2*(60+2x)=450, 1
252, x=(x+(x+1)+(x+2)+(x+3))-((x-3)+(x-2)+(x-1)+x), 1
253, x=0.1*(1-0.03)*(1-0.15)+(1-0.1)*0.03*(1-0.15)+(1-0.1)*(1-0.03)*0.15, 1
254, x*(1/5-1/9)=1, 1
255, x/144+x/180=5, 6
256, x/500+2=x/200, 1
257, (1-0.1)*10=80/(80+20)*(10+x), 1
258, x/2+4=12, 2
259, x=34.0*25.0*(9.0-2.0)/1000, 1
260, 9*(3-x)=3x, 4
261, x=2/(2+3+3)*(2-1)/(2+3+3-1), 1
262, x=(5/12)*((5-1)/(12-1)), 1
263, x=2*3.14*10*(45/360), 1
264, x-23=-10, 3
265, x=(63/(63+147))*(90/(90+210)), 1
266, 2*(x-15)=1.5x, 4
267, x=(3+2+1)/(6*6), 1
268, x=(11+7)/(1-1/3), 1
269, 4.5-1.5*(6x+2)=6, 1
270, x=-3584365846506454605430576435456, 7
271, 5/6+1/4=x, 13
272, -8x=4*(x+5)+2x, 3
273, x=88*5/(5+6), 3
274, 4x-7=2x-1, 1
275, x*(5-2)/5=12, 1
276, 15*1*6=8*1*x, 1
277, 6*3/8=4*x/10, 1
278, 5/3+9/4+13/12=x, 7
279, 25*x=25*72+86-36, 1
280, x=60-25-18-9, 3
281, x=32+27+33-26-26-21+21, 1
282, 10*10+5=10x+15, 1
283, x=(25+1*2)*(15+1*2), 1
284, 7*(3+5)+(2-9)=x, 1
285, x=(1/6)/(9/14), 15
286, x=6.89-5*(1-0.4)-1.29*(1-0.25)-3.75*(1-0.3), 1
287, 4*x=6+8+10, 1
288, 5/2*x-1/4=35/16, 1
289, 7/8*(32+16x)=-7x-14, 1
290, 5x-x-2x=18, 1
291, x=(52-2)*5-2*7.5+89-143, 1
292, 15*x=6*10, 15
293, x=0.35+0.5-0.15, 4
294, (2x+1)+(2x+3)+(2x+5)=45, 1
295, 1*36*x=16, 5
296, x=2*(15*9+10*9)-3*2-3*8, 1
297, 2x+(x+3)=93, 2
298, x*(1-1/3-1/4-1/5)=6500, 3
299, 7+6-x=10, 1
300, x=1-43.49/54.2, 7
301, 5x+3*(10-x)=36, 8
302, x=2*7+4*(7*7*7+7*7*7*7), 2
303, x-4=-9+x, 1
304, 10=2+1+1.25x, 5
305, x=7*7+1/2*7*4.5*4, 1
306, x=6/(6*6)*210, 3
307, x/80=(x+228.8)/288, 1
308, 2x+1/3=5, 2
309, (x-3)/(x-6)=(x+1)/(x+5), 1
310, x=15/(15+18)*16/(16+14), 1
311, (x+2*68)/3=69, 1
312, 3*40*(1+x)=129.90, 1
313, x-350-420+500-699=231, 1
314, x/18=(1/4)/(3/4), 1
315, x=3+(-1/3)+(-5/3), 1
316, x=-x, 1
317, x=(56.75+12)/(1+4), 5
318, x=1*(12-8)*60/20, 2
319, x+1/2-1/9=5/9, 1
320, x=5*(-4)-(3*(-6)+(-3)-4*(2*(-4)-7))+3*(-8), 1
321, 2*(4+x)=4+5x, 1
322, 10-(2x+3)+4*(x-3)=3-4*(x+2), 1
323, x=40/(30+40), 12
324, x=(1/2)*(5*6*2)/2, 1
325, 10*11/(3/60)=7*10*31/x, 1
326, 7*(2x-1)-3*(2x+1)=86, 1
327, (7+3x)/4=-x/8, 2
328, x=1+3+(1+2+(1+1))+(1+2+(1+1)+1), 1
329, 1-x/9=2*(1-x/6), 1
330, x=10*0.2+0*0.2+93*0.2+98*0.4, 1
331, x=12*2*3.14*(8-7), 1
332, 9/16-2x=43/32, 1
333, x=(1+0.07)*(1+0.07)*(1+0.065)-1, 1
334, x=10*(5/9-1/3), 1
335, x=118000/50000-1, 2
336, x=10/(15-1+10), 1
337, x=2*3.14*(4+2)*12.50*(1+0.15), 1
338, -1/5x+(-31/10)=3/10x+2/5, 1
339, 24.0=2*3.14*(x/2), 1
340, x=30-(13+17-8), 5
341, x+3=2*4, 2
342, x=32*(1-1/3)*(1-1/4), 1
343, 4*(x-2)-(x+3)=x-1, 1
344, x=(48+3/4)*(1-1/3), 1
345, 5x-2*(12-x)=39, 1
346, x=30*(1+20/100), 4
347, 12-6+10=(1+x)*12, 1
348, x*(1-1/5)*(1-1/8)-3*1/5*x=28, 1
349, x=5*4/2*2-(6+5+3+1), 1
350, x=3.14*12-2*(12+12.5), 1
351, x=8-3/2-4/3-9/4-21/8, 1
352, (1+3/2+5/2)*x=180, 1
353, 180/0.9=x/(1-0.9), 2
354, x=19/45-7/12+5/18, 1
355, x+(180-110)=135, 1
356, x*(1/4)*(1-1/3)=24, 1
357, 2*(2x-1)+2*(3x+2)=32, 1
358, x=(3*1+3*200)*200/2-(2+2*200)*200/2, 1
359, x=62-23-25-20+6+5+6-2, 1
360, x=(-25-6+1)/20, 1
361, x+2x+(2x+7)=327, 1
362, x/(4+6+x)=2/3, 1
363, x/10=x-180, 1
364, x=(4*2)/(4*6), 10
365, 20*82=19*84+x, 4
366, x=5-7+2+1, 4
367, x/860=24/(24+8), 2
368, 1/2*x+5=3/4*x, 2
369, 10*(30+15)=x+12, 2
370, x=1-5/(26+8+5), 1
371, (x+2)/6=3/(x-1), 1
372, 25+15-x+33=60, 1
373, x=1/6*100+5/6*1/6*50, 1
374, x=16/(1/4)+7/(1/8), 1
375, 96+2x=2*(80-3x), 1
376, x=2*(4+6)*13, 1
377, 55+(55+60)*x=285, 1
378, 2*x+x-10=152, 1
379, x=8*7*6*5/(4*3*2*1), 2
380, 4*x-24+5=45, 1
381, 0.050*x=750-500, 1
382, x+5+x+6=45, 1
383, x=875*0.050*(1+0.25)+875, 1
384, x=180-52-52, 5
385, 6*x/100+(14*x)*2/100=50, 1
386, x+12*0.4=(12+x)*0.6, 9
387, (132+x)*5=2*(132-x)*3, 1
388, x=4*(42-x+3), 1
389, 2000/x=2800/(x-50)-3, 2
390, 600/(x+30)+600/(x-30)=4.5, 4
391, 7/(1/60)=26000/x, 2
392, (6-(-4))/(-5-3)=4/(x+5), 1
393, (60/x)+1=100/(x+5), 1
394, 60*x+84*(60-x)=80*60, 6
395, x=1-(13*12*11*10*9*8)/(25*24*23*22*21*20), 2
396, x=(15600-480)/12*0.3, 1
397, x=((13*12*11)/(3*2))*(14*13*12/(3*2))/((27*26*25*24*23*22)/(6*5*4*3*2)), 1
398, 3*45+45*x=65*x, 1
399, x=(5-(-1))/(-3-2), 18
400, x=75*18.5*(1/3), 2
401, x=500/(6*2*3), 4
402, x=500*(1-0.1)*(1-0.02), 2
403, 0.3*x=0.8*x-27, 2
404, x=(6*8+6*20)/12, 2
405, x=3.14*4*(11+4), 1
406, (0.85*0.35)/(0.15*0.05+0.85*0.35)=x, 1
407, x*144=2*8*12*12, 1
408, (5/(x-4))-(5/(x+4))=20/60, 1
409, x=3/4*1/4+1/4*1/4*1/2, 1
410, x=(3*0.012)/(3*0.012+0.025), 1
411, 2x=x+8+14, 2
412, (10000-4.26*x)/(4.26)=10000/4.46, 1
413, x=0.400x+40+0.500*(0.400x+40)-40+0.500*(0.500*(0.400x+40)-40)+20+180, 1
414, x+2*3.14*1=15, 1
415, x=25/(5.5+4.5)*30, 2
416, x=8-2-1/2, 1
417, x*(1-0.150)=30*(1-0.800), 1
418, x=2*39+2*(39+6)/3, 1
419, x=3+3+3+4, 8
420, 3/(3*3)=30/(30*x), 1
421, x=3/4*(5/7*2), 1
422, x=200+7*(2*10+8*2), 1
423, x/1=1/(1+1/2), 2
424, x/6=5*2/6+10*2/6, 1
425, 62x-45*(x+0.25)=34.65, 1
426, x=1860*(0.04+0.02+0.13)+132.40, 1
427, x=(4*12/8)*(6*12/8), 1
428, x=6*25*(25+1)-5*25, 1
429, x=8*9*9*9*9-7*8*8*8*8, 1
430, x=57-3*30000/1000, 1
431, x=(3+3/5)/(2+1/2), 1
432, 1/x=1/5+1/4-1/20, 2
433, 1/6+1/(x-2)-1/x=1/(3+1/3), 1
434, 100/(15*8)*6x=100/2, 1
435, x=20*3+40+29+36, 1
436, x=70*24*31/1000*5.99/100, 1
437, x=12-8+9, 20
438, x=3*300-450-200, 1
439, 5*0.900=0.150*(x+5), 4
440, x=0.2+2*0.4+3*0.2+4*0.1+5*0.05+6*0.05, 1
441, x=2*22/7*(7/4), 1
442, x=5*(13/52)+10*(13/52)+20*1/52, 1
443, x=1-1/5-3/8, 2
444, x/2*x/3=150, 1
445, x+4*(x-108)=143, 1
446, x=(15*60+20)/1.7, 2
447, x*40*(1-0.370)=311.98, 1
448, (x-99)*3+90*2+9=258, 1
449, x/300=(x-100-25)/250, 1
450, 260/x-260/(x+15)=45/60, 1
451, x=(8-2)*(8-0)*1/2, 1
452, x=60*24*(365*3+366)*24, 1
453, (1+x)/2*7*x=96, 1
454, x*6+(x+5)*(6-2)=600, 1
455, x*(1-0.400)=48+15-7.5, 1
456, x=(47.5*5280)/(60*60)*8, 2
457, x=(70+80-60)+60+10, 1
458, (1-1/3*x)*2=1-1/(3+1/2)*x, 1
459, 75/x=0.150, 4
460, x=575*2/5+(1200-575)*3/5, 1
461, x/(56-x)=2/5, 1
462, x*8=188*(1+0.200), 1
463, x/7=2125/(55*3+65*4), 1
464, 600+x*0.020=1000+0.015x, 1
465, x=26+31+30+31+28+31+31+30+(31-6), 1
466, 1-1/3*x=2*(1-1/(3+1/3)*x), 1
467, x=1000+40+1000+30+1000+20+1000+10, 3
468, x=1.25/((60+59.4)/60/60), 1
469, x=15/(15+7+10+8), 1
470, (x+12)*(x+24+12)-x*(x+24)=2400, 1
471, 10/(2x-x)-2=15/(2x+x), 1
472, x=(100*39.37/12/5280)/(10.49/60/60), 1
473, x*(1+0.090)=10+30.60, 1
474, 18/x+18/340=2.9, 2
475, (110-85)/(10-5)=(x-110)/(25-10), 2
476, x=(100000-9000*8)/7000, 1
477, 0.920*0.8+x*0.2=0.900, 3
478, (45+50)*x=425-45, 1
479, x+14+38-4=70, 1
480, x=(5/8)*(6/7)*(4/5), 2
481, x=(66-6)/(3*2), 1
482, (1/2)*x*8=92, 1
483, 60+0.25*(x-60)=230+0.2*(x-230), 1
484, x=(1/3)*(1/3)*(1/6)+(2/3)*(1/4)*(1/10), 1
485, x+(2*x-8)*2=74, 1
486, x=6*x*2*x, 1
487, 3*x+x*(x*x)=64.40, 1
488, x=(3-(-1))/(1/2-2), 1
489, x=(5*0.1+5*0.15)/(5-(5*0.1+5*0.15)), 1
490, 70/x-70/(2*x)=7, 1
491, 4*8*x=6*12*24*12, 1
492, 590-5*x=350+25*x, 2
493, x=(12+20)*8*2/32, 2
494, x=(10*9*8*7)/(4*3*2*1)+(10*9*8)/(3*2*1)*12+(10*9)/2*(12*11)/2, 1
495, x=(98-4)/2+1, 1
496, (1/x+1/(x+6))*10=2/3, 1
497, (80-65)/(x-10)=(95-80)/(20-x), 1
498, x=26+14+8+12+20, 7
499, (66+72+x)=75*3, 1
500, 45.99+(x-700)*6/100=29.99+(x-700)*35/100, 1
501, 2*(x+2*x-25)=70, 1
502, x=(20160/(12*0.25*32))*480, 1
503, 1/3/7=x/64, 1
504, x*3*x=2700, 1
505, (180+5*x)*(60-x)=11475, 1
506, 100*0.046/(100+x)=0.032, 1
507, x=((5*4/2)*4)/(9*8*7/6), 1
508, (17.3-x)/(78-56)=(17.3-12.36)/(78-40), 1
509, (1-0.3)*0.77+x*0.3=0.650, 1
510, x=1+5+2+8+4+6+3, 2
511, x=35.65/(3.4*3.14*0.6*0.6), 1
512, x=2*2*2*2*3*5, 2
513, 300-25*x=420-40*x, 1
514, x=(5000*0.11*3+150)/(3*5000), 1
515, (74.8+53.3+242.2+499.2+124.7+151.2+92.7+211.4)/8=x, 1
516, x=(1/2+1/3)-(1/2*1/3), 1
517, (1/4)/(1/5)=20/x, 1
518, x=600*0.9*0.9-600*0.8, 1
519, 45*x-1200=60*x-1800, 1
520, x=1/(25*24*23*22*21/5/4/3/2/1), 1
521, 4*x*x*0.5=32, 1
522, 2*3.14*14*x/(2*3.14)=528*10, 1
523, (8+10+13+16+14+12)/x=17*7/130, 1
524, x=3.14*64/2*64/2*104*0.004329004, 1
525, x=43/4+3+3/4, 2
526, x*(3+x)=5*(5+9), 1
527, 37/50+x=0.500*2, 1
528, 8x+8=2*(xx-x), 2
529, x=120*(1-0.700)+200*0.700, 1
530, x+x/2+x-25=180, 1
531, 3500x*(20/12)=196*20-3500, 1
532, (30+2x)*(20+2x)=20*30+336, 1
533, x=(125-20)/(45/15+60/60), 1
534, x=4*(10*9/2), 3
535, 10x=3*8+7*12, 2
536, x=0.400*0.600*0.300+0.400*0.400*0.700+0.600*0.600*0.700, 1
537, x=1-35*34*33*32/(53*52*51*50), 1
538, x=(525+1150)*(1+0.158), 1
539, x*7*(20/5+50*4/5)/100=0.2, 1
540, x=(2+3*6)*3/4, 1
541, x=0.800*0.900+0.200*20/100, 1
542, 26*10+30*90=(10+90)*x, 1
543, 15/(12+x)+15/(12-x)=3, 1
544, 192=(15+33)*x/2, 2
545, x-12+x-17=11, 1
546, x+x+2+x+4=204, 2
547, x=3/(1+1/5), 2
548, x=2.5*50*(1.5-1), 1
549, x=6700/(150*75/43560), 1
550, (x-1.25)/x=(2.5-1)/2.5, 1
551, x=0.5-0.35*0.810-0.8*0.180-0.010*12, 1
552, x=1-4*3*2/(6*5*4), 1
553, x=3/5+2/5*3/5, 1
554, x0*(x+4)+x=3*(x0x+x+4)+6, 1
555, 3/(x+5)+1/5=2/(x+5), 1
556, x=4*10*9*8/(3*2), 1
557, 5000/((16*3600)+(28*60)+22)=400/x, 1
558, x=80-15-(7+1/2)*2-(3+3/4), 1
559, 26.22*3.09-x=3.507+2.08+11.5+16.712, 1
560, x*5*1/2*5=87.5, 1
561, (11-2*x)*(7-2*x)*x=30, 1
562, x*(4/3)=x+(4/3), 1
563, 25+25*25+15*25*25=x, 2
564, (x-10)/6=10/4, 1
565, 0.200*x+2/5*(x-0.200*x)+72=x, 1
566, x=(20*30+10*10+4*60)/30*540, 1
567, x+5.5*5=48, 1
568, 1850/(350+x)=1650/(350-x), 2
569, (x*0.700+x*0.600)-x=9, 1
570, (24+27+19+32+x)/5=27, 2
571, x=(13/18-2/17)/(9/17-10/17), 1
572, (3.25+2x)*(3+2x)=15, 3
573, (x+150*0.800)/(x+150)=0.900, 1
574, 1/(3/4)=(3/4)/x, 1
575, x+x+x+7=106, 1
576, x*(1+0.050)+2*x*(1+0.060)=765, 1
577, x=100+10+10-1, 1
578, x=(15.2*(1.1+12)/2)*11.4, 1
579, x=0.80+8*0.1+10*0.1+10*0.1, 1
580, x/360=(12-7)/12, 1
581, 1.25*1000=(13+26)*1/2*x, 1
582, x/(3785.41178*100)=50, 1
583, x=(15/3)*(8/3)*(9/12/3)*30, 1
584, x=(5.56+13.89)/2*30, 2
585, x=1+3200*1/2*1/4*1/2*1/10, 1
586, x=13-(9-(16+4/2)), 1
587, x=6+(6+6)+((6+6)-4)+((6+6)-4)*4+1+4, 1
588, x=500+500*0.04*0.5+300+300*0.04*0.25, 1
589, x=50*100*(1/3)/27, 1
590, -1/x=(3+13)/(19+5), 1
591, 3*x=5*(x-12), 2
592, x+x-2=14, 1
593, x=110+18*6-22*3, 1
594, x/(x-18)=5/2, 1
595, x=3+5/8-1/2, 1
596, (38-2x)*(32-2x)+600=38*32, 1
597, 2*(20+2x+15+2x)=102, 1
598, x*90/60=70.8*32.1/60+92.2*(90-32.1)/60, 1
599, 2*x+2*(3*x-75)=370, 1
600, x=(7*2)+(7*7*4)+(7*7*7*4), 1
601, 5/(x-4)-20=5/(x+4), 1
602, 3*x+3*(x+4)=x+2+30, 1
603, 3.9*30/2=63x, 1
604, (7x-3)/8-x/3=11, 1
605, 35000x*365*24*3600=120000000000000, 2
606, 1000x=71.2*(9570-5880), 1
607, 100*15/60+100x=120x, 1
608, x=40+(1+2+3+4+5+6+7+8+9)/9, 1
609, x*(1-1/3-0.4-0.25)=3, 1
610, 1/2*4*x=48, 1
611, x=2*(10*8+6*8+10*6)/12, 1
612, x*(61/55+43/49+72/47)=61+43+72, 1
613, 1.48=(x-76.4)/6.1, 2
614, 50x+76=64*(x-1), 1
615, x+x+7+5-2+3-1-3+6+2-7=0, 1
616, x+(6-x)*0.400=6*0.500, 1
617, x=(-2)*(20/64)+1*(44/64), 1
618, 1/x+1/(x-180)=1/180, 1
619, x=12-8+(56-10)/60, 1
620, x=1+3+3*3+3*3*2, 1
621, x=60/(1/2)+10, 2
622, x=3*2/5*x-5, 1
623, 8x=23+12+11+31+10+30+17+36, 1
624, 10000*(1+x/100)*(1+2x/100)=12862, 1
625, x=1+16+9*9+7*(8+9), 1
626, 12/(3*6)=x/(2*9), 1
627, 25x=25*72+86-36, 1
628, (225-x)/x=4/5, 1
629, 36=2*(xx+5x)/2, 1
630, 3/(x+3)+3/(3-x)=3+36/60, 1
631, x=24*14*12/(12*12*12)*7.48, 1
632, x=8*10*0.75+2*(8+10)*0.25, 1
633, x/2-x/7=5, 1
634, 1/x+1/(x+2)=20/99, 1
635, x=(500*x/5)/20+(500*2/5)/25, 1
636, ((x-10)/2-10-10)/2-10=0, 1
637, 3x/5-2x/5=8, 1
638, x=8*7/2+8*7*6/(3*2)+8*7*6*5/(4*3*2)+8*7*6*5*4/(5*4*3*2)+8*7*6*5*4*3/(6*5*4*3*2)+8*7*6*5*4*3*2/(7*6*5*4*3*2)+1, 1
639, 10x=3*1.25+4*1.5+2*1, 1
640, (x-6)/(x+11-1)=(x+11-1)/(2x+2*22), 1
641, x=(12-4)/(40/60), 1
642, 300x-50x=4*50, 1
643, 410/x=111*0.9144/10, 1
644, -1/x=(-1+10)/(6-7), 1
645, (xx+1)/(40x)=2/25, 1
646, 1/5*(1/2+x)+x/4=1, 1
647, 2*(x+x+50)=2500, 2
648, 88*26=23x+79+90+75, 1
649, 8x=5*1.000+0.800+0.900+0, 1
650, x=29*12+2.5-210.75, 1
651, (120+150)*1000/3600*x=64+86, 1
652, 42/x=1-1/3-1/5-1/6-1/4, 1
653, x+12+8*6=10*8, 1
654, x=8*2/8+2*3/8-4*(1-2/8-3/8), 1
655, x=17-(3+8/9), 1
656, 1/40+1/30+1/24=1/x, 3
657, 84x=2500-30*60, 1
658, x=(3+3+3*364)*365/(2*100), 1
659, 3x/10+11=4x/5, 1
660, x=5/24*8/23*11/22, 4
661, x=2*0.7*0.6*0.4*0.2+2*0.4*0.8*0.3*0.6, 1
662, x+x-95+x-186=1000, 1
663, x=64*1/7+80*6/7, 1
664, 102.6=90+90*x*8/12, 1
665, x=149+3.85*6*12, 1
666, x=1/2*2*(5+1+3), 1
667, x=(2+5+6)*48/6, 1
668, x=4*3/(10*9)+6*5/(10*9), 1
669, (x+84+80+76+96+80)/6=85, 1
670, x=123-2*(123-85), 2
671, (12+x)-2*7=6, 1
672, 1000*x=75-1000*0.04, 1
673, 180-x+90-x=200, 1
674, 8x-6x=1/4, 1
675, (6+x)*144/12=240, 1
676, x/2=2*x-3, 1
677, x*(12+2*18)*10=3*2000*16, 1
678, x=6*(1/2*6*5.2)*9, 1
679, x-2=(5-2)/(-3+6)*(-5+6), 1
680, 1/2*(x+3+x+5)*x=360, 1
681, (200*(1-0.05)*x)/(200*2.45)=1+0.4, 1
682, x=0.04*5000+0.08*5000+(18000-10000)*0.12, 1
683, x=1-0.8*(1-0.53)-0.53*(1-0.8)-0.48, 1
684, (x/50/2*150)+x=3, 1
685, 2500/x+2500/(x*(1+0.200))=9+10/60, 1
686, x=(1/5)/(1+1/5)+(2/13)/(1+2/13), 1
687, x=(12+3+30/60)-(7+45/60), 1
688, x=20-(20+16+20-48), 1
689, (1+13/60)/(0.400)=x/(1.000), 2
690, x=1/(1/8-1/12), 1
691, x*(5+10+25)=600, 1
692, x*378+(x-2)*214=2384, 1
693, x=193*(1-0.250)-3, 1
694, x*6=5*13+7, 1
695, x=((20*6*2+15*6*2)/10+(20*6*2+15*6*2)/15)*3.5, 1
696, x=80*(1.000-0.100-0.250-0.300-0.150), 1
697, x*(1/4+1/6)=1, 3
698, (46+x)/(18+x)=2, 1
699, x=(60+8*2)*(40*8*2), 1
700, 0.200+2*0.010=x/100*(1+2), 1
701, x*3+60=45*4, 1
702, x*(1/8+1/12+1/24)=1, 1
703, (40-x)*(1/18/40)*(18+6)=1, 1
704, x=367*5.84/100+6.14, 1
705, x+375-240+93-164-157=54, 1
706, x=(24+24+5*19)*20/2, 1
707, x/30=x/40+5/60, 1
708, x+x-4000+500=24500, 1
709, x/15=x/3-48/60, 1
710, x=4/5*(64+45), 1
711, (x+6)*(1-0.600)=6*0.500, 1
712, x=(200+25)+2500*0.060, 2
713, 3/4/(1/8+1/10)+1/4/(1/10)=x, 1
714, x=(250000*(1+0.300)*(1-0.050)*(1+0.200)-250000)/250000, 1
715, 46*0.198+47x+50*(1-0.198-x)=47.99, 1
716, 3=(9+3)/(4-x), 1
717, x=3/(3+2+5)*24300, 1
718, (5-2)/(x+6)=(8-2)/(-2+6), 1
719, (600-123)/(x+x+6)=(4+1/2), 1
720, x*(1-0.200)=457.89*(1+0.350), 1
721, x+88-5*x=40, 1
722, x+x+40+5*x=180, 1
723, x*x+3*x+10*x=105, 1
724, 600+1500-(600-x)+200=2000, 1
725, x+5*x+(4*x-2)=180, 1
726, x0000=110/100*x+80/100*x, 4
727, 7=x+(3*x+3), 1
728, (300/x+1.5)*(x-15)=330, 1
729, (2/5)*x=(408-x+32)*4, 1
730, x/(x+50)=3/8, 2
731, x*2+(x+x)*2=90, 1
732, x80=(x0*x)+50*(x+3/x), 1
733, 100-x+8x=x33, 1
734, 6*6*(5/6-1/6)=x, 1
735, x*(1/2+1/4+1/5)+49=x, 1
736, (1/4)*x+(1/6)*x+(1/2)*x=1, 1
737, 600+x=880-x, 1
738, 500+1.8*500+x=1500, 1
739, 35/6/19/5=x, 1
740, 14*x+22*x=1.8*100, 1
741, 6/3*12*1/2=x, 1
742, 5.4*1/10-3.2*1/10=x, 1
743, (10+6+8)-22=x, 8
744, (8+6+9+12+4*x)/5=x, 1
745, x-0.3*x=21, 1
746, 10*(8*7)*(8*7*6)/(16*15*14*13*12)=x, 1
747, x+x-10+x-26+x-32=144, 1
748, 1.04*(0.08*x+4*13)=199.68, 1
749, 500-4*x=350-26, 1
750, 8*x/27*x=1/2220075, 1
751, 18*(10+x)=42*(10-x), 1
752, 4/3*10=6*x, 1
753, 60=(1.75-1.25)*x-10, 1
754, (1+0.1)-0.1=x, 103
755, 4/(1-x)=2*10/(9-x), 1
756, 65*x+55*x=360, 2
757, 1/3+2/9+x=1, 1
758, x=(1-0.8)*(1-0.8)*(1-0.8)*0.8, 1
759, 0.245+(0.225-0.215+0.235-0.225+0.245-0.235)/3=x, 1
760, 5/20*1.3=x/1000, 1
761, 4*(1/2)*(16/2)*(x/2)=120, 1
762, 4/14*3/13*2/12*1/11=x, 2
763, 5/9+5/6-2/3=x, 1
764, (4/2)*5*6*7=x, 1
765, 0.1*79+0.1*64.42+0.35*63+0.2*74.5+0.25*72.2=x, 2
766, (1/3)=(5-x)/(-6-3), 1
767, 8*(19*18/2-6*7/2)=x, 1
768, 1000*(0)=(1000-2)*(1)+2*(x), 1
769, (7*2)+(7*7*7*4)+(7*7*7*7*4)=x, 1
770, 30-(14+8+3+0.80+1.25+0.10)=x, 1
771, (3/9)*(2/8)+(3/9)*(2/8)+(3/9)*(2/8)=x, 1
772, 0.75*0.5*x/3=120, 1
773, (4+5+3+1)/36=x, 1
774, (x)+(2*x)+(4*x)=49, 1
775, (5*10)-(3*9*1)-(2*7)+6-4-8=x, 1
776, (36.75+36.375+37.5+x)/4=36.625, 1
777, (52+46+52+2*x)/5=61, 1
778, 2*1/52*13/52=x, 1
779, 1/2*x/60+1/2*x/45=5+15/60, 1
780, 4*(x/24)=80, 1
781, 1/2*(19+31)*12=x, 1
782, 3/5*(1-2/5)+(1-3/5)*2/5=x, 1
783, 0*0.70+2000*0.15+4000*0.08+6000*0.05+8000*0.01+10000*0.01=x, 1
784, 7*x+2760-12*x=2300, 1
785, 100*99*80*79*20/4=x, 1
786, (11-2*x)*(14-2*x)=80, 1
787, 0.5+0.1915-1+0.5+0.1915=x, 1
788, (5/15)*(6/14)*(5/13)*(4/12)=x, 1
789, 1/6*2/6+1/6*1/6=x, 1
790, 8*x+3*(7*x)+4*x+2*(10*x)=323.30, 1
791, 6/60+15/60+12/60+8/60=x, 2
792, (2+1)/(3+2+2+1)=x, 1
793, 3*5*7*9+1=x, 1
794, (10*9*8*7*6*5*4*3*2*1)/(2*1*3*2*1*4*3*2*1)=x, 1
795, 1-(1-0.4)*(1-0.6)=x, 1
796, 0.5*x+0.288+0.064=0.4, 1
797, 270=(9+x)*(6+x), 1
798, x=1/2*(2)*(7.5+4), 1
799, 1/2*(x-1)+2*x+3=20, 1
800, x=20-((2*5.92)+6.79), 2
801, x=(((20+26)+20)-(6+58)), 2
802, x=((8+13)-(2+18)), 8
803, x=(((2.0*10.62)+13.95)-1.59), 1
804, x=(20.0+((2.0*5.92)+6.79)), 2
805, x=((20.0+6.79)-(2.0*5.92)), 2
806, x=(((9.0+10.0)+3.0)/13.0), 1
807, x=(13.0*((10.0+3.0)-9.0)), 3
808, x=(((20.0+26.0)+20.0)+(6.0+58.0)), 2
809, x=((((20.0+26.0)+20.0)+6.0)-58.0), 2
810, x=((6.0*6.0)+(8.0/18.0)), 1
811, x=((8.0+13.0)+(2.0+18.0)), 1
